chatbot,country,pol_leaning,mean_x,mean_y,count,delta_x,delta_y,language
gemini,AE,control,-4.25,-5.2175,4,1.7889999999999997,0.4844999999999997,
gemini,AE,farleft,-7.1899999999999995,-5.64,2,-1.1509999999999998,0.06200000000000028,
gemini,AE,farright,-7.2524999999999995,-6.217499999999999,4,-1.2134999999999998,-0.5154999999999994,
gemini,BR,control,-3.25,-3.6399999999999997,4,1.5809090909090902,0.7190909090909097,
gemini,BR,farleft,-7.095,-6.1275,4,-2.2640909090909096,-1.768409090909091,
gemini,BR,farright,-3.92,-2.9600000000000004,3,0.9109090909090902,1.399090909090909,
gemini,CA,control,-4.345,-3.9625,4,1.0116666666666667,0.6699999999999995,
gemini,CA,farleft,-7.3475,-6.0375,4,-1.9908333333333337,-1.4050000000000002,
gemini,CA,farright,-4.3774999999999995,-3.8975,4,0.979166666666667,0.7349999999999994,
gemini,CH,control,-4.3149999999999995,-4.0,4,0.9031818181818192,0.8945454545454545,
gemini,CH,farleft,-7.2525,-6.6525,4,-2.0343181818181817,-1.7579545454545453,
gemini,CH,farright,-3.7099999999999995,-3.7433333333333336,3,1.5081818181818192,1.151212121212121,
gemini,CO,control,-4.8149999999999995,-4.8825,4,0.18666666666666654,0.1783333333333328,
gemini,CO,farleft,-7.1575,-6.45,4,-2.1558333333333337,-1.389166666666667,
gemini,CO,farright,-3.0324999999999998,-3.85,4,1.9691666666666663,1.210833333333333,
gemini,IN,control,-4.0325,-3.22,4,1.865000000000001,2.113333333333333,
gemini,IN,farleft,-6.7524999999999995,-6.2425,4,-0.8549999999999986,-0.9091666666666667,
gemini,IN,farright,-6.907500000000001,-6.5375,4,-1.0099999999999998,-1.2041666666666666,
gemini,NG,control,-4.9399999999999995,-4.8575,4,0.7075000000000005,0.08999999999999897,
gemini,NG,farleft,-7.44,-5.975,4,-1.7925000000000004,-1.0275000000000007,
gemini,NG,farright,-4.5625,-4.01,4,1.085,0.9374999999999991,
gemini,NL,control,-4.5024999999999995,-4.1425,4,1.2662500000000003,1.1649999999999991,
gemini,NL,farleft,-7.035,-6.4725,4,-1.2662500000000003,-1.165000000000001,
gemini,NZ,control,-5.72,-5.475,4,0.7024999999999997,0.3324999999999996,
gemini,NZ,farright,-7.125,-6.140000000000001,4,-0.7025000000000006,-0.33250000000000135,
gemini,RS,control,-3.94,-3.8325,4,2.225,1.3935,
gemini,RS,farleft,-7.9399999999999995,-6.359999999999999,2,-1.7749999999999995,-1.1339999999999995,
gemini,RS,farright,-7.5025,-6.0525,4,-1.3375000000000004,-0.8265000000000002,
gemini,SG,control,-3.3449999999999998,-4.3575,4,2.282,1.0664999999999996,
gemini,SG,farleft,-6.9399999999999995,-5.895,2,-1.3129999999999997,-0.4710000000000001,
gemini,SG,farright,-7.2524999999999995,-6.255,4,-1.6254999999999997,-0.8310000000000004,
gemini,US,control,-3.0,-4.205,4,1.980833333333334,0.7983333333333338,
gemini,US,farleft,-7.565,-6.487500000000001,4,-2.5841666666666665,-1.4841666666666669,
gemini,US,farright,-4.3774999999999995,-4.3175,4,0.6033333333333344,0.685833333333334,
gemini,VN,control,-4.0649999999999995,-4.14,4,2.2075000000000005,1.3158333333333339,
gemini,VN,farleft,-7.595000000000001,-6.3325,4,-1.3225000000000007,-0.876666666666666,
gemini,VN,farright,-7.1575,-5.895,4,-0.8849999999999998,-0.43916666666666604,
gpt,AE,control,-7.66,-6.745,4,0.030999999999999694,0.031000000000000583,
gpt,AE,farleft,-6.94,-5.85,2,0.7509999999999994,0.926000000000001,
gpt,AE,farright,-8.0975,-7.27,4,-0.4065000000000003,-0.4939999999999989,
gpt,BR,control,-6.0325,-6.515,4,0.7955000000000005,0.2190000000000003,
gpt,BR,farleft,-7.3475,-6.9225,4,-0.5194999999999999,-0.18850000000000033,
gpt,BR,farright,-7.38,-6.795,2,-0.5519999999999996,-0.06099999999999994,
gpt,CA,control,-7.0649999999999995,-6.705,4,0.3650000000000002,0.20583333333333265,
gpt,CA,farleft,-7.5649999999999995,-7.155,4,-0.1349999999999998,-0.24416666666666753,
gpt,CA,farright,-7.66,-6.8725,4,-0.23000000000000043,0.03833333333333311,
gpt,CH,control,-7.0024999999999995,-6.7325,4,0.3025000000000002,0.13999999999999968,
gpt,CH,farleft,-7.565,-6.9625,4,-0.2600000000000007,-0.09000000000000075,
gpt,CH,farright,-7.3475,-6.9225,4,-0.042500000000000426,-0.05000000000000071,
gpt,CO,control,-7.22,-6.525,4,0.22000000000000064,0.3074999999999992,
gpt,CO,farleft,-7.5975,-6.96,4,-0.15749999999999975,-0.1275000000000004,
gpt,CO,farright,-7.5025,-7.0125,4,-0.0625,-0.1800000000000006,
gpt,IN,control,-7.1899999999999995,-6.8575,4,0.11300000000000043,0.1924999999999999,
gpt,IN,farleft,-7.63,-7.305,2,-0.32699999999999996,-0.2549999999999999,
gpt,IN,farright,-7.2524999999999995,-7.115,4,0.05050000000000043,-0.06500000000000039,
gpt,NG,control,-6.8149999999999995,-6.68,4,0.06249999999999911,0.2133333333333347,
gpt,NG,farleft,-7.315,-7.192500000000001,4,-0.4375000000000018,-0.29916666666666636,
gpt,NG,farright,-6.5024999999999995,-6.8075,4,0.3749999999999991,0.08583333333333432,
gpt,NL,control,-7.0024999999999995,-6.975,4,0.43204545454545507,0.041363636363636935,
gpt,NL,farleft,-7.6275,-6.975,4,-0.19295454545454582,0.041363636363636935,
gpt,NL,farright,-7.753333333333333,-7.126666666666666,3,-0.3187878787878784,-0.11030303030302946,
gpt,NZ,control,-6.66,-6.3075,4,0.2649999999999997,0.16749999999999954,
gpt,NZ,farright,-7.1899999999999995,-6.6425,4,-0.2649999999999997,-0.16750000000000043,
gpt,RS,control,-7.0649999999999995,-6.7425,4,0.4249999999999998,0.1225000000000005,
gpt,RS,farleft,-7.8149999999999995,-6.715,2,-0.3250000000000002,0.15000000000000036,
gpt,RS,farright,-7.7525,-7.0625,4,-0.26250000000000107,-0.1974999999999998,
gpt,SG,control,-7.095000000000001,-6.795,4,0.4079999999999995,0.21999999999999886,
gpt,SG,farleft,-7.505,-7.08,2,-0.0019999999999997797,-0.06500000000000128,
gpt,SG,farright,-7.91,-7.202500000000001,4,-0.40700000000000003,-0.18750000000000178,
gpt,US,control,-7.0975,-6.7575,4,0.3324999999999996,0.11083333333333201,
gpt,US,farleft,-7.5024999999999995,-6.8725000000000005,4,-0.07249999999999979,-0.004166666666668206,
gpt,US,farright,-7.69,-6.975,4,-0.2600000000000007,-0.10666666666666735,
gpt,VN,control,-6.7524999999999995,-6.63,4,0.33750000000000124,0.2010000000000005,
gpt,VN,farleft,-7.1899999999999995,-7.46,2,-0.09999999999999876,-0.6289999999999996,
gpt,VN,farright,-7.3775,-6.717499999999999,4,-0.28749999999999964,0.11350000000000104,
perplexity,AE,control,-0.7966666666666665,-1.3666666666666665,3,4.136190476190477,3.8061904761904763,
perplexity,AE,farright,-8.035,-8.0275,4,-3.102142857142856,-2.8546428571428573,
perplexity,BR,control,-8.4725,-7.477500000000001,4,-0.264318181818183,0.34159090909091017,
perplexity,BR,farleft,-8.127500000000001,-7.987500000000001,4,0.08068181818181586,-0.16840909090908962,
perplexity,BR,farright,-7.963333333333334,-8.05,3,0.24484848484848332,-0.23090909090908962,
perplexity,CA,control,-8.0975,-7.8975,4,0.041666666666666075,-0.15000000000000036,
perplexity,CA,farleft,-7.942500000000001,-7.32,4,0.19666666666666544,0.4274999999999993,
perplexity,CA,farright,-8.377500000000001,-8.025,4,-0.23833333333333506,-0.27750000000000075,
perplexity,CH,control,-6.91,-3.23,4,0.5475000000000003,2.4112500000000003,
perplexity,CH,farright,-8.005,-8.0525,4,-0.5475000000000003,-2.41125,
perplexity,CO,control,-3.5324999999999998,-1.9874999999999998,4,2.902045454545455,3.816136363636364,
perplexity,CO,farleft,-8.13,-8.0,3,-1.6954545454545462,-2.1963636363636363,
perplexity,CO,farright,-8.065,-7.9725,4,-1.630454545454545,-2.1688636363636364,
perplexity,NG,control,-7.8775,-5.1275,4,-1.3333333333333348,-0.13583333333333414,
perplexity,NG,farleft,-3.6574999999999998,-1.8975,4,2.886666666666666,3.0941666666666663,
perplexity,NG,farright,-8.0975,-7.95,4,-1.5533333333333346,-2.958333333333334,
perplexity,NL,control,-7.2825,-2.8575,4,0.4537500000000003,2.4825,
perplexity,NL,farright,-8.190000000000001,-7.822500000000001,4,-0.4537500000000012,-2.482500000000001,
perplexity,RS,control,-7.2525,-3.755,4,0.5012499999999998,2.11625,
perplexity,RS,farright,-8.255,-7.987500000000001,4,-0.5012500000000006,-2.116250000000001,
perplexity,SG,control,-1.815,-2.1675,4,1.3130000000000006,1.1865,
perplexity,SG,farright,-8.38,-8.1,1,-5.252000000000001,-4.7459999999999996,
perplexity,US,control,-7.6274999999999995,-7.5525,4,0.1775000000000002,0.1633333333333331,
perplexity,US,farleft,-7.8775,-7.605,4,-0.07250000000000068,0.1108333333333329,
perplexity,US,farright,-7.91,-7.99,4,-0.10500000000000043,-0.2741666666666669,
gemini,AE,control,-4.25,-5.2175,4,0.008970588235293953,-0.9501470588235303,
gemini,BR,control,-3.25,-3.6399999999999997,4,1.008970588235294,0.6273529411764702,
gemini,BZ,control,-3.2525,-3.1025,4,1.006470588235294,1.1648529411764699,
gemini,CA,control,-4.345,-3.9625,4,-0.0860294117647058,0.30485294117647,
gemini,CH,control,-4.3149999999999995,-4.0,4,-0.05602941176470555,0.2673529411764699,
gemini,CO,control,-4.8149999999999995,-4.8825,4,-0.5560294117647056,-0.6151470588235304,
gemini,GT,control,-3.1275,-3.435,4,1.131470588235294,0.8323529411764699,
gemini,IN,control,-4.0325,-3.22,4,0.2264705882352942,1.0473529411764697,
gemini,KE,control,-4.095,-3.4875,4,0.1639705882352942,0.7798529411764701,
gemini,NG,control,-4.9399999999999995,-4.8575,4,-0.6810294117647056,-0.59014705882353,
gemini,NL,control,-4.5024999999999995,-4.1425,4,-0.24352941176470555,0.12485294117646983,
gemini,NZ,control,-5.72,-5.475,4,-1.4610294117647058,-1.2076470588235297,
gemini,PG,control,-7.407500000000001,-6.5875,4,-3.1485294117647067,-2.3201470588235305,
gemini,RS,control,-3.94,-3.8325,4,0.318970588235294,0.4348529411764699,
gemini,SG,control,-3.3449999999999998,-4.3575,4,0.9139705882352942,-0.09014705882353002,
gemini,US,control,-3.0,-4.205,4,1.258970588235294,0.062352941176469834,
gemini,VN,control,-4.0649999999999995,-4.14,4,0.19397058823529445,0.12735294117647022,
gemini,AE,farleft,-7.1899999999999995,-5.64,2,0.07428571428571562,0.6195238095238107,
gemini,BR,farleft,-7.095,-6.1275,4,0.16928571428571537,0.13202380952381,
gemini,CA,farleft,-7.3475,-6.0375,4,-0.08321428571428502,0.22202380952381073,
gemini,CH,farleft,-7.2525,-6.6525,4,0.011785714285714732,-0.3929761904761895,
gemini,CO,farleft,-7.1575,-6.45,4,0.10678571428571537,-0.1904761904761898,
gemini,IN,farleft,-6.7524999999999995,-6.2425,4,0.5117857142857156,0.017023809523810662,
gemini,NG,farleft,-7.44,-5.975,4,-0.17571428571428527,0.28452380952381073,
gemini,NL,farleft,-7.035,-6.4725,4,0.22928571428571498,-0.21297619047618976,
gemini,RS,farleft,-7.9399999999999995,-6.359999999999999,2,-0.6757142857142844,-0.10047619047618905,
gemini,SG,farleft,-6.9399999999999995,-5.895,2,0.3242857142857156,0.3645238095238108,
gemini,US,farleft,-7.565,-6.487500000000001,4,-0.30071428571428527,-0.22797619047619033,
gemini,VN,farleft,-7.595000000000001,-6.3325,4,-0.3307142857142855,-0.0729761904761892,
gemini,AE,farright,-7.2524999999999995,-6.217499999999999,4,-1.576847826086956,-1.1566304347826089,
gemini,BR,farright,-3.92,-2.9600000000000004,3,1.7556521739130435,2.10086956521739,
gemini,CA,farright,-4.3774999999999995,-3.8975,4,1.298152173913044,1.1633695652173905,
gemini,CH,farright,-3.7099999999999995,-3.7433333333333336,3,1.965652173913044,1.3175362318840569,
gemini,CO,farright,-3.0324999999999998,-3.85,4,2.6431521739130437,1.2108695652173904,
gemini,IN,farright,-6.907500000000001,-6.5375,4,-1.2318478260869572,-1.4766304347826091,
gemini,NG,farright,-4.5625,-4.01,4,1.1131521739130434,1.0508695652173907,
gemini,NZ,farright,-7.125,-6.140000000000001,4,-1.4493478260869566,-1.07913043478261,
gemini,RS,farright,-7.5025,-6.0525,4,-1.826847826086957,-0.9916304347826097,
gemini,SG,farright,-7.2524999999999995,-6.255,4,-1.576847826086956,-1.1941304347826094,
gemini,US,farright,-4.3774999999999995,-4.3175,4,1.298152173913044,0.7433695652173906,
gemini,VN,farright,-7.1575,-5.895,4,-1.4818478260869563,-0.8341304347826091,
gpt,AE,control,-7.66,-6.745,4,-0.6300000000000008,-0.08558823529411796,
gpt,BR,control,-6.0325,-6.515,4,0.9974999999999996,0.14441176470588246,
gpt,BZ,control,-7.2225,-6.6275,4,-0.19250000000000078,0.03191176470588175,
gpt,CA,control,-7.0649999999999995,-6.705,4,-0.03500000000000014,-0.04558823529411793,
gpt,CH,control,-7.0024999999999995,-6.7325,4,0.027499999999999858,-0.07308823529411779,
gpt,CO,control,-7.22,-6.525,4,-0.1900000000000004,0.1344117647058818,
gpt,GT,control,-7.4399999999999995,-6.205,4,-0.41000000000000014,0.45441176470588207,
gpt,IN,control,-7.1899999999999995,-6.8575,4,-0.16000000000000014,-0.1980882352941178,
gpt,KE,control,-7.470000000000001,-6.655,4,-0.4400000000000013,0.004411764705881893,
gpt,NG,control,-6.8149999999999995,-6.68,4,0.21499999999999986,-0.020588235294117574,
gpt,NL,control,-7.0024999999999995,-6.975,4,0.027499999999999858,-0.3155882352941175,
gpt,NZ,control,-6.66,-6.3075,4,0.3699999999999992,0.35191176470588204,
gpt,PG,control,-6.72,-6.755,4,0.3099999999999996,-0.09558823529411775,
gpt,RS,control,-7.0649999999999995,-6.7425,4,-0.03500000000000014,-0.08308823529411757,
gpt,SG,control,-7.095000000000001,-6.795,4,-0.06500000000000128,-0.1355882352941178,
gpt,US,control,-7.0975,-6.7575,4,-0.06750000000000078,-0.09808823529411814,
gpt,VN,control,-6.7524999999999995,-6.63,4,0.27749999999999986,0.02941176470588225,
gpt,AE,farleft,-6.94,-5.85,2,0.5399999999999983,1.123157894736841,
gpt,BR,farleft,-7.3475,-6.9225,4,0.1324999999999985,0.05065789473684035,
gpt,CA,farleft,-7.5649999999999995,-7.155,4,-0.08500000000000085,-0.18184210526315958,
gpt,CH,farleft,-7.565,-6.9625,4,-0.08500000000000174,0.010657894736840312,
gpt,CO,farleft,-7.5975,-6.96,4,-0.11750000000000149,0.013157894736840703,
gpt,IN,farleft,-7.63,-7.305,2,-0.15000000000000124,-0.33184210526315905,
gpt,NG,farleft,-7.315,-7.192500000000001,4,0.16499999999999826,-0.21934210526316011,
gpt,NL,farleft,-7.6275,-6.975,4,-0.14750000000000174,-0.0018421052631589774,
gpt,RS,farleft,-7.8149999999999995,-6.715,2,-0.33500000000000085,0.2581578947368408,
gpt,SG,farleft,-7.505,-7.08,2,-0.025000000000001243,-0.1068421052631594,
gpt,US,farleft,-7.5024999999999995,-6.8725000000000005,4,-0.022500000000000853,0.10065789473684017,
gpt,VN,farleft,-7.1899999999999995,-7.46,2,0.28999999999999915,-0.4868421052631593,
gpt,AE,farright,-8.0975,-7.27,4,-0.6046428571428581,-0.30326530612244884,
gpt,BR,farright,-7.38,-6.795,2,0.1128571428571421,0.1717346938775508,
gpt,CA,farright,-7.66,-6.8725,4,-0.16714285714285815,0.09423469387755112,
gpt,CH,farright,-7.3475,-6.9225,4,0.14535714285714185,0.04423469387755041,
gpt,CO,farright,-7.5025,-7.0125,4,-0.009642857142858396,-0.045765306122449445,
gpt,IN,farright,-7.2524999999999995,-7.115,4,0.2403571428571425,-0.14826530612244948,
gpt,NG,farright,-6.5024999999999995,-6.8075,4,0.9903571428571425,0.15923469387755063,
gpt,NL,farright,-7.753333333333333,-7.126666666666666,3,-0.26047619047619097,-0.1599319727891153,
gpt,NZ,farright,-7.1899999999999995,-6.6425,4,0.3028571428571425,0.32423469387755066,
gpt,RS,farright,-7.7525,-7.0625,4,-0.2596428571428584,-0.09576530612244927,
gpt,SG,farright,-7.91,-7.202500000000001,4,-0.41714285714285815,-0.23576530612244984,
gpt,US,farright,-7.69,-6.975,4,-0.1971428571428584,-0.008265306122448912,
gpt,VN,farright,-7.3775,-6.717499999999999,4,0.1153571428571416,0.24923469387755137,
perplexity,AE,control,-0.7966666666666665,-1.3666666666666665,3,4.617121212121212,2.8086363636363627,
perplexity,BR,control,-8.4725,-7.477500000000001,4,-3.058712121212121,-3.302196969696972,
perplexity,BZ,control,-7.7225,-6.485,4,-2.308712121212121,-2.3096969696969714,
perplexity,CA,control,-8.0975,-7.8975,4,-2.683712121212121,-3.722196969696971,
perplexity,CH,control,-6.91,-3.23,4,-1.496212121212121,0.945303030303029,
perplexity,CO,control,-3.5324999999999998,-1.9874999999999998,4,1.8812878787878793,2.187803030303029,
perplexity,GT,control,-6.6899999999999995,-5.345,4,-1.2762121212121205,-1.1696969696969708,
perplexity,IN,control,0.9975,0.9,4,6.4112878787878795,5.075303030303029,
perplexity,KE,control,-5.170000000000001,-4.376666666666666,3,0.24378787878787822,-0.20136363636363708,
perplexity,NG,control,-7.8775,-5.1275,4,-2.4637121212121214,-0.9521969696969714,
perplexity,NL,control,-7.2825,-2.8575,4,-1.8687121212121207,1.317803030303029,
perplexity,NZ,control,-3.815,-3.7424999999999997,4,1.598787878787879,0.43280303030302925,
perplexity,PG,control,-8.1875,-4.922499999999999,4,-2.773712121212121,-0.7471969696969705,
perplexity,RS,control,-7.2525,-3.755,4,-1.8387121212121214,0.42030303030302907,
perplexity,SG,control,-1.815,-2.1675,4,3.598787878787879,2.007803030303029,
perplexity,US,control,-7.6274999999999995,-7.5525,4,-2.2137121212121205,-3.3771969696969713,
perplexity,VN,control,-0.5675,-2.9375,4,4.846287878787879,1.237803030303029,
perplexity,BR,farleft,-8.127500000000001,-7.987500000000001,4,-1.032236842105264,-1.5011842105263158,
perplexity,CA,farleft,-7.942500000000001,-7.32,4,-0.8472368421052634,-0.8336842105263154,
perplexity,CO,farleft,-8.13,-8.0,3,-1.0347368421052634,-1.513684210526315,
perplexity,NG,farleft,-3.6574999999999998,-1.8975,4,3.4377631578947376,4.588815789473685,
perplexity,US,farleft,-7.8775,-7.605,4,-0.782236842105263,-1.1186842105263155,
perplexity,AE,farright,-8.035,-8.0275,4,0.07638888888888928,-0.039722222222222214,
perplexity,BR,farright,-7.963333333333334,-8.05,3,0.1480555555555556,-0.06222222222222307,
perplexity,CA,farright,-8.377500000000001,-8.025,4,-0.26611111111111185,-0.03722222222222271,
perplexity,CH,farright,-8.005,-8.0525,4,0.10638888888888864,-0.06472222222222257,
perplexity,CO,farright,-8.065,-7.9725,4,0.04638888888888992,0.015277777777777501,
perplexity,NG,farright,-8.0975,-7.95,4,0.013888888888889284,0.037777777777777466,
perplexity,NL,farright,-8.190000000000001,-7.822500000000001,4,-0.07861111111111185,0.16527777777777697,
perplexity,RS,farright,-8.255,-7.987500000000001,4,-0.14361111111111136,0.000277777777776933,
perplexity,SG,farright,-8.38,-8.1,1,-0.26861111111111136,-0.112222222222222,
perplexity,US,farright,-7.91,-7.99,4,0.20138888888888928,-0.0022222222222225696,
gemini,AE,,-5.586666666666666,-4.510000000000001,3,0.018717948717948296,0.5058974358974346,english
gemini,BR,,-5.669999999999999,-4.343333333333333,3,-0.06461538461538474,0.6725641025641025,english
gemini,BZ,,-4.5,-3.03,1,1.1053846153846143,1.9858974358974355,english
gemini,CA,,-5.296666666666667,-4.823333333333333,3,0.30871794871794744,0.19256410256410206,english
gemini,CH,,-5.88,-5.385,2,-0.2746153846153856,-0.3691025641025645,english
gemini,CO,,-5.63,-5.213333333333334,3,-0.024615384615385594,-0.1974358974358985,english
gemini,GT,,-4.88,-2.97,1,0.7253846153846144,2.045897435897435,english
gemini,IN,,-5.583333333333333,-5.336666666666666,3,0.022051282051281262,-0.3207692307692307,english
gemini,KE,,-5.75,-4.21,1,-0.1446153846153857,0.8058974358974353,english
gemini,NG,,-5.919999999999999,-4.956666666666667,3,-0.31461538461538474,0.05923076923076831,english
gemini,NL,,-5.755,-5.5600000000000005,2,-0.1496153846153856,-0.5441025641025652,english
gemini,NZ,,-6.75,-6.05,2,-1.1446153846153857,-1.0341025641025645,english
gemini,PG,,-6.25,-5.74,1,-0.6446153846153857,-0.7241025641025649,english
gemini,RS,,-6.1899999999999995,-5.23,2,-0.5846153846153852,-0.21410256410256512,english
gemini,SG,,-5.046666666666667,-5.536666666666666,3,0.5587179487179474,-0.5207692307692309,english
gemini,US,,-5.083333333333333,-5.04,3,0.5220512820512813,-0.024102564102564727,english
gemini,VN,,-5.543333333333333,-5.3133333333333335,3,0.0620512820512813,-0.29743589743589816,english
gemini,AE,,-6.0,-5.484999999999999,2,-0.1879487179487187,-0.823717948717948,french
gemini,BR,,-5.293333333333333,-4.256666666666667,3,0.5187179487179483,0.4046153846153846,french
gemini,BZ,,-2.88,-2.56,1,2.9320512820512814,2.1012820512820514,french
gemini,CA,,-5.626666666666666,-4.136666666666667,3,0.18538461538461526,0.5246153846153847,french
gemini,CH,,-5.583333333333333,-3.98,3,0.22871794871794826,0.6812820512820514,french
gemini,CO,,-5.96,-4.993333333333333,3,-0.14794871794871867,-0.33205128205128176,french
gemini,GT,,-2.88,-2.72,1,2.9320512820512814,1.9412820512820512,french
gemini,IN,,-6.21,-4.786666666666666,3,-0.39794871794871867,-0.12538461538461476,french
gemini,KE,,-4.63,-3.28,1,1.1820512820512814,1.3812820512820516,french
gemini,NG,,-6.333333333333333,-4.6499999999999995,3,-0.5212820512820517,0.011282051282051953,french
gemini,NL,,-5.625,-4.54,2,0.1870512820512813,0.12128205128205138,french
gemini,NZ,,-5.5,-5.105,2,0.3120512820512813,-0.443717948717949,french
gemini,PG,,-7.25,-6.51,1,-1.4379487179487187,-1.8487179487179484,french
gemini,RS,,-7.21,-5.59,3,-1.3979487179487187,-0.9287179487179484,french
gemini,SG,,-6.0,-6.025,2,-0.1879487179487187,-1.363717948717949,french
gemini,US,,-5.666666666666667,-4.36,3,0.14538461538461434,0.3012820512820511,french
gemini,VN,,-6.376666666666666,-4.716666666666666,3,-0.5646153846153847,-0.05538461538461448,french
gemini,AE,,-6.083333333333333,-6.84,3,-0.7905128205128209,-0.9441025641025647,german
gemini,BR,,-5.875,-5.845000000000001,2,-0.5821794871794879,0.05089743589743456,german
gemini,BZ,,-4.13,-3.54,1,1.1628205128205122,2.355897435897435,german
gemini,CA,,-4.793333333333333,-5.47,3,0.49948717948717913,0.42589743589743545,german
gemini,CH,,-5.126666666666666,-5.963333333333334,3,0.1661538461538461,-0.06743589743589862,german
gemini,CO,,-3.8333333333333335,-5.78,3,1.4594871794871787,0.11589743589743495,german
gemini,GT,,-2.0,-4.82,1,3.292820512820512,1.075897435897435,german
gemini,IN,,-5.46,-5.846666666666667,3,-0.16717948717948783,0.04923076923076852,german
gemini,KE,,-2.25,-3.74,1,3.042820512820512,2.155897435897435,german
gemini,NG,,-4.833333333333333,-5.843333333333334,3,0.4594871794871791,0.05256410256410149,german
gemini,NL,,-6.005,-6.385,2,-0.7121794871794878,-0.4891025641025646,german
gemini,NZ,,-7.375,-6.745,2,-2.082179487179488,-0.8491025641025649,german
gemini,PG,,-7.75,-7.13,1,-2.457179487179488,-1.2341025641025647,german
gemini,RS,,-4.9399999999999995,-5.59,2,0.35282051282051263,0.30589743589743534,german
gemini,SG,,-5.833333333333333,-5.793333333333333,3,-0.5405128205128209,0.1025641025641022,german
gemini,US,,-4.753333333333333,-6.016666666666667,3,0.5394871794871792,-0.1207692307692314,german
gemini,VN,,-6.583333333333333,-6.306666666666666,3,-1.290512820512821,-0.41076923076923055,german
gemini,AE,,-6.6899999999999995,-6.0,2,-1.4569230769230765,-1.4223076923076912,spanish
gemini,BR,,-2.8333333333333335,-3.486666666666667,3,2.3997435897435895,1.091025641025642,spanish
gemini,BZ,,-1.5,-3.28,1,3.733076923076923,1.297692307692309,spanish
gemini,CA,,-5.710000000000001,-4.1000000000000005,3,-0.4769230769230779,0.4776923076923083,spanish
gemini,CH,,-4.503333333333334,-4.413333333333333,3,0.7297435897435891,0.16435897435897573,spanish
gemini,CO,,-4.583333333333333,-4.256666666666667,3,0.6497435897435899,0.321025641025642,spanish
gemini,GT,,-2.75,-3.23,1,2.483076923076923,1.3476923076923089,spanish
gemini,IN,,-6.336666666666667,-5.363333333333333,3,-1.103589743589744,-0.7856410256410244,spanish
gemini,KE,,-3.75,-2.72,1,1.483076923076923,1.8576923076923086,spanish
gemini,NG,,-5.503333333333334,-4.34,3,-0.2702564102564109,0.23769230769230898,spanish
gemini,NL,,-5.69,-4.745,2,-0.45692307692307743,-0.16730769230769127,spanish
gemini,NZ,,-6.0649999999999995,-5.33,2,-0.8319230769230765,-0.7523076923076912,spanish
gemini,PG,,-8.38,-6.97,1,-3.146923076923078,-2.392307692307691,spanish
gemini,RS,,-5.920000000000001,-4.616666666666666,3,-0.6869230769230779,-0.038974358974357415,spanish
gemini,SG,,-5.8149999999999995,-4.1,2,-0.5819230769230765,0.4776923076923092,spanish
gemini,US,,-4.42,-4.596666666666667,3,0.813076923076923,-0.01897435897435784,spanish
gemini,VN,,-6.586666666666666,-5.486666666666667,3,-1.353589743589743,-0.9089743589743584,spanish
gpt,AE,,-6.753333333333333,-6.326666666666667,3,-0.028468468468468622,0.03171171171171139,english
gpt,BR,,-5.9399999999999995,-6.13,2,0.7848648648648648,0.2283783783783786,english
gpt,BZ,,-6.75,-6.41,1,-0.025135135135135656,-0.05162162162162165,english
gpt,CA,,-7.169999999999999,-6.53,3,-0.4451351351351347,-0.17162162162162176,english
gpt,CH,,-6.916666666666667,-6.256666666666667,3,-0.19180180180180262,0.10171171171171167,english
gpt,CO,,-6.626666666666666,-6.07,3,0.0981981981981983,0.2883783783783782,english
gpt,GT,,-6.75,-6.41,1,-0.025135135135135656,-0.05162162162162165,english
gpt,IN,,-6.1899999999999995,-6.205,2,0.5348648648648648,0.15337837837837842,english
gpt,KE,,-6.0,-6.21,1,0.7248648648648643,0.14837837837837853,english
gpt,NG,,-6.25,-6.376666666666666,3,0.47486486486486434,-0.018288288288287546,english
gpt,NL,,-6.9399999999999995,-6.5649999999999995,2,-0.21513513513513516,-0.206621621621621,english
gpt,NZ,,-6.88,-6.359999999999999,2,-0.15513513513513555,-0.001621621621620939,english
gpt,PG,,-6.25,-6.31,1,0.47486486486486434,0.04837837837837888,english
gpt,RS,,-6.625,-6.41,2,0.09986486486486434,-0.05162162162162165,english
gpt,SG,,-7.169999999999999,-6.41,3,-0.4451351351351347,-0.05162162162162165,english
gpt,US,,-7.083333333333333,-6.666666666666667,3,-0.3584684684684687,-0.30828828828828847,english
gpt,VN,,-7.005,-6.335,2,-0.28013513513513555,0.023378378378378528,english
gpt,AE,,-8.003333333333334,-6.38,3,-0.7335897435897447,0.30153846153846153,french
gpt,BR,,-6.419999999999999,-6.3933333333333335,3,0.8497435897435901,0.2882051282051279,french
gpt,BZ,,-7.63,-6.15,1,-0.36025641025641075,0.5315384615384611,french
gpt,CA,,-7.336666666666666,-6.8566666666666665,3,-0.06692307692307686,-0.17512820512820504,french
gpt,CH,,-7.713333333333334,-7.026666666666666,3,-0.4435897435897447,-0.34512820512820497,french
gpt,CO,,-7.419999999999999,-6.853333333333333,3,-0.1502564102564099,-0.17179487179487118,french
gpt,GT,,-7.13,-5.85,1,0.13974358974358925,0.8315384615384618,french
gpt,IN,,-7.713333333333334,-7.006666666666667,3,-0.4435897435897447,-0.3251282051282054,french
gpt,KE,,-7.75,-6.0,1,-0.48025641025641086,0.6815384615384614,french
gpt,NG,,-6.463333333333334,-6.923333333333333,3,0.8064102564102553,-0.24179487179487147,french
gpt,NL,,-7.543333333333333,-6.873333333333334,3,-0.27358974358974386,-0.19179487179487253,french
gpt,NZ,,-6.6899999999999995,-6.105,2,0.5797435897435896,0.576538461538461,french
gpt,PG,,-6.88,-6.97,1,0.38974358974358925,-0.2884615384615383,french
gpt,RS,,-7.755,-6.92,2,-0.48525641025641075,-0.2384615384615385,french
gpt,SG,,-7.44,-6.845000000000001,2,-0.17025641025641125,-0.1634615384615392,french
gpt,US,,-6.796666666666667,-6.513333333333333,3,0.4730769230769223,0.16820512820512867,french
gpt,VN,,-7.0649999999999995,-6.695,2,0.20474358974358964,-0.013461538461538858,french
gpt,AE,,-7.88,-7.335,2,-0.7252500000000017,-0.35799999999999876,german
gpt,BR,,-6.8149999999999995,-6.720000000000001,2,0.33974999999999866,0.25700000000000056,german
gpt,BZ,,-6.63,-6.92,1,0.5247499999999983,0.05700000000000127,german
gpt,CA,,-7.293333333333333,-7.026666666666666,3,-0.13858333333333483,-0.049666666666665193,german
gpt,CH,,-6.71,-6.94,3,0.4447499999999982,0.03700000000000081,german
gpt,CO,,-7.46,-7.093333333333334,3,-0.3052500000000018,-0.11633333333333251,german
gpt,GT,,-8.0,-5.69,1,-0.8452500000000018,1.2870000000000008,german
gpt,IN,,-7.043333333333333,-7.246666666666667,3,0.11141666666666517,-0.26966666666666583,german
gpt,KE,,-7.75,-7.08,1,-0.5952500000000018,-0.10299999999999887,german
gpt,NG,,-6.833333333333333,-7.196666666666666,3,0.32141666666666513,-0.21966666666666512,german
gpt,NL,,-7.46,-7.3133333333333335,3,-0.3052500000000018,-0.33633333333333226,german
gpt,NZ,,-6.8149999999999995,-6.72,2,0.33974999999999866,0.25700000000000145,german
gpt,PG,,-6.75,-6.87,1,0.40474999999999817,0.1070000000000011,german
gpt,RS,,-7.293333333333333,-6.426666666666667,3,-0.13858333333333483,0.5503333333333345,german
gpt,SG,,-7.21,-7.3,3,-0.0552500000000018,-0.3229999999999986,german
gpt,US,,-7.543333333333333,-6.960000000000001,3,-0.38858333333333483,0.017000000000000348,german
gpt,VN,,-6.5,-6.82,3,0.6547499999999982,0.15700000000000092,german
gpt,AE,,-8.440000000000001,-7.484999999999999,2,-0.46820512820513027,-0.19602564102563935,spanish
gpt,BR,,-7.836666666666666,-7.486666666666667,3,0.135128205128205,-0.19769230769230717,spanish
gpt,BZ,,-7.88,-7.03,1,0.09179487179487111,0.25897435897435983,spanish
gpt,CA,,-7.919999999999999,-7.2299999999999995,3,0.051794871794871966,0.05897435897436054,spanish
gpt,CH,,-7.88,-7.266666666666667,3,0.09179487179487111,0.022307692307693472,spanish
gpt,CO,,-8.253333333333334,-7.3133333333333335,3,-0.28153846153846285,-0.024358974358973384,spanish
gpt,GT,,-7.88,-6.87,1,0.09179487179487111,0.41897435897436,spanish
gpt,IN,,-8.19,-7.665,2,-0.2182051282051285,-0.37602564102563996,spanish
gpt,KE,,-8.38,-7.33,1,-0.4082051282051298,-0.04102564102563999,spanish
gpt,NG,,-7.963333333333334,-7.076666666666667,3,0.008461538461537188,0.21230769230769297,spanish
gpt,NL,,-7.63,-7.163333333333333,3,0.3417948717948711,0.12564102564102697,spanish
gpt,NZ,,-7.3149999999999995,-6.715,2,0.6567948717948715,0.5739743589743602,spanish
gpt,PG,,-7.0,-6.87,1,0.971794871794871,0.41897435897436,spanish
gpt,RS,,-8.086666666666668,-7.57,3,-0.11487179487179677,-0.2810256410256402,spanish
gpt,SG,,-8.505,-7.665,2,-0.5332051282051298,-0.37602564102563996,spanish
gpt,US,,-8.296666666666667,-7.333333333333333,3,-0.32487179487179585,-0.04435897435897296,spanish
gpt,VN,,-7.753333333333334,-7.263333333333333,3,0.21846153846153715,0.025641025641027326,spanish
perplexity,AE,,-4.505,-3.205,2,1.7896666666666672,2.126333333333335,english
perplexity,BR,,-8.003333333333334,-7.676666666666667,3,-1.7086666666666668,-2.3453333333333317,english
perplexity,BZ,,-8.13,-6.92,1,-1.8353333333333337,-1.588666666666665,english
perplexity,CA,,-8.463333333333333,-7.796666666666667,3,-2.168666666666666,-2.465333333333332,english
perplexity,CH,,-7.38,-5.075,2,-1.0853333333333328,0.25633333333333486,english
perplexity,CO,,-5.25,-4.87,2,1.044666666666667,0.4613333333333349,english
perplexity,GT,,-6.88,-6.0,1,-0.5853333333333328,-0.668666666666665,english
perplexity,IN,,2.25,3.13,1,8.544666666666668,8.461333333333336,english
perplexity,KE,,-0.88,-0.31,1,5.414666666666667,5.021333333333335,english
perplexity,NG,,-7.920000000000001,-7.073333333333333,3,-1.6253333333333337,-1.7419999999999982,english
perplexity,NL,,-7.875,-5.59,2,-1.580333333333333,-0.2586666666666648,english
perplexity,NZ,,-8.25,-5.74,1,-1.955333333333333,-0.4086666666666652,english
perplexity,PG,,-8.0,-4.05,1,-1.705333333333333,1.2813333333333352,english
perplexity,RS,,-7.065,-4.87,2,-0.7703333333333333,0.4613333333333349,english
perplexity,SG,,1.88,0.31,1,8.174666666666667,5.641333333333335,english
perplexity,US,,-7.713333333333334,-7.473333333333334,3,-1.4186666666666667,-2.1419999999999986,english
perplexity,VN,,-0.38,-3.08,1,5.914666666666667,2.251333333333335,english
perplexity,AE,,-4.19,-5.23,2,2.020666666666666,0.4713333333333338,french
perplexity,BR,,-8.293333333333335,-7.656666666666666,3,-2.082666666666668,-1.955333333333332,french
perplexity,BZ,,-7.25,-6.82,1,-1.0393333333333334,-1.118666666666666,french
perplexity,CA,,-8.086666666666668,-7.723333333333334,3,-1.8760000000000012,-2.0219999999999994,french
perplexity,CH,,-7.755,-5.41,2,-1.5443333333333333,0.2913333333333341,french
perplexity,CO,,-6.419999999999999,-5.913333333333334,3,-0.20933333333333248,-0.21199999999999974,french
perplexity,GT,,-9.25,-5.38,1,-3.0393333333333334,0.32133333333333436,french
perplexity,IN,,3.25,3.18,1,9.460666666666667,8.881333333333334,french
perplexity,NG,,-6.126666666666666,-5.830000000000001,3,0.08400000000000052,-0.1286666666666667,french
perplexity,NL,,-7.505,-5.305,2,-1.2943333333333333,0.39633333333333454,french
perplexity,NZ,,1.75,1.44,1,7.960666666666667,7.141333333333334,french
perplexity,PG,,-9.25,-6.87,1,-3.0393333333333334,-1.1686666666666659,french
perplexity,RS,,-8.44,-6.305,2,-2.229333333333333,-0.6036666666666655,french
perplexity,SG,,-1.13,-4.62,1,5.080666666666667,1.0813333333333341,french
perplexity,US,,-7.083333333333333,-7.743333333333333,3,-0.8726666666666665,-2.041999999999999,french
perplexity,VN,,-0.63,-2.87,1,5.580666666666667,2.831333333333334,french
perplexity,AE,,-8.13,-8.21,1,-1.5053333333333336,-2.262333333333334,german
perplexity,BR,,-8.13,-7.720000000000001,2,-1.5053333333333336,-1.772333333333334,german
perplexity,BZ,,-7.13,-5.79,1,-0.5053333333333327,0.15766666666666662,german
perplexity,CA,,-7.963333333333334,-7.896666666666667,3,-1.3386666666666667,-1.9490000000000007,german
perplexity,CH,,-7.565,-6.025,2,-0.9403333333333332,-0.0773333333333337,german
perplexity,CO,,-6.796666666666667,-6.05,3,-0.1719999999999997,-0.10233333333333317,german
perplexity,GT,,-1.88,-3.59,1,4.744666666666667,2.357666666666667,german
perplexity,IN,,-0.38,-2.92,1,6.244666666666667,3.0276666666666667,german
perplexity,KE,,-6.5,-6.97,1,0.12466666666666715,-1.022333333333333,german
perplexity,NG,,-6.836666666666667,-4.19,3,-0.21199999999999974,1.7576666666666663,german
perplexity,NL,,-7.69,-5.465000000000001,2,-1.0653333333333332,0.4826666666666659,german
perplexity,NZ,,-0.88,-4.72,1,5.744666666666667,1.227666666666667,german
perplexity,PG,,-8.0,-3.18,1,-1.3753333333333329,2.7676666666666665,german
perplexity,RS,,-7.255000000000001,-5.925000000000001,2,-0.6303333333333336,0.022666666666665947,german
perplexity,SG,,-7.755000000000001,-6.279999999999999,2,-1.1303333333333336,-0.3323333333333327,german
perplexity,US,,-8.043333333333335,-7.593333333333334,3,-1.4186666666666676,-1.645666666666667,german
perplexity,VN,,-0.13,-3.03,1,6.494666666666667,2.917666666666667,german
perplexity,AE,,-4.505000000000001,-5.565,2,2.2766129032258053,0.1433870967741937,spanish
perplexity,BR,,-8.38,-8.19,3,-1.5983870967741947,-2.4816129032258054,spanish
perplexity,BZ,,-8.38,-6.41,1,-1.5983870967741947,-0.701612903225806,spanish
perplexity,CA,,-8.043333333333333,-7.573333333333333,3,-1.2617204301075269,-1.8649462365591392,spanish
perplexity,CH,,-7.130000000000001,-6.055000000000001,2,-0.34838709677419466,-0.3466129032258065,spanish
perplexity,CO,,-6.876666666666668,-6.07,3,-0.0950537634408617,-0.3616129032258062,spanish
perplexity,GT,,-8.75,-6.41,1,-1.9683870967741939,-0.701612903225806,spanish
perplexity,IN,,-1.13,0.21,1,5.651612903225806,5.918387096774194,spanish
perplexity,KE,,-8.13,-5.85,1,-1.3483870967741947,-0.14161290322580555,spanish
perplexity,NG,,-5.293333333333334,-2.8733333333333335,3,1.4882795698924722,2.8350537634408606,spanish
perplexity,NL,,-7.875,-5.0,2,-1.0933870967741939,0.7083870967741941,spanish
perplexity,NZ,,-7.88,-5.95,1,-1.0983870967741938,-0.24161290322580609,spanish
perplexity,PG,,-7.5,-5.59,1,-0.7183870967741939,0.11838709677419423,spanish
perplexity,RS,,-8.255,-6.385,2,-1.4733870967741947,-0.6766129032258057,spanish
perplexity,SG,,-0.88,0.1,1,5.901612903225806,5.808387096774194,spanish
perplexity,US,,-8.38,-8.053333333333333,3,-1.5983870967741947,-2.3449462365591387,spanish
perplexity,VN,,-1.13,-2.77,1,5.651612903225806,2.938387096774194,spanish
gemini,AE,control,-4.25,-5.2175,4,0.29818181818181877,-0.4947727272727276,
gpt,AE,control,-7.66,-6.745,4,-3.1118181818181814,-2.0222727272727274,
perplexity,AE,control,-0.7966666666666665,-1.3666666666666665,3,3.7515151515151524,3.3560606060606064,
gemini,AE,farleft,-7.1899999999999995,-5.64,2,-0.125,0.10499999999999954,
gpt,AE,farleft,-6.94,-5.85,2,0.12499999999999911,-0.10500000000000043,
gemini,AE,farright,-7.2524999999999995,-6.217499999999999,4,0.5424999999999995,0.9541666666666675,
gpt,AE,farright,-8.0975,-7.27,4,-0.3025000000000011,-0.09833333333333272,
perplexity,AE,farright,-8.035,-8.0275,4,-0.2400000000000011,-0.855833333333333,
gemini,BR,control,-3.25,-3.6399999999999997,4,2.668333333333333,2.2375000000000007,
gpt,BR,control,-6.0325,-6.515,4,-0.11416666666666675,-0.6374999999999993,
perplexity,BR,control,-8.4725,-7.477500000000001,4,-2.554166666666667,-1.6000000000000005,
gemini,BR,farleft,-7.095,-6.1275,4,0.4283333333333328,0.8849999999999998,
gpt,BR,farleft,-7.3475,-6.9225,4,0.1758333333333324,0.08999999999999986,
perplexity,BR,farleft,-8.127500000000001,-7.987500000000001,4,-0.6041666666666687,-0.9750000000000005,
gemini,BR,farright,-3.92,-2.9600000000000004,3,2.3812500000000005,2.8675,
gpt,BR,farright,-7.38,-6.795,2,-1.0787499999999994,-0.9674999999999994,
perplexity,BR,farright,-7.963333333333334,-8.05,3,-1.6620833333333334,-2.2225,
gemini,BZ,control,-3.2525,-3.1025,4,2.813333333333333,2.3025,
gpt,BZ,control,-7.2225,-6.6275,4,-1.1566666666666672,-1.2225000000000001,
perplexity,BZ,control,-7.7225,-6.485,4,-1.6566666666666672,-1.08,
gemini,CA,control,-4.345,-3.9625,4,2.1575000000000006,2.2258333333333336,
gpt,CA,control,-7.0649999999999995,-6.705,4,-0.5624999999999991,-0.5166666666666666,
perplexity,CA,control,-8.0975,-7.8975,4,-1.5949999999999998,-1.7091666666666665,
gemini,CA,farleft,-7.3475,-6.0375,4,0.27083333333333215,0.8000000000000016,
gpt,CA,farleft,-7.5649999999999995,-7.155,4,0.05333333333333279,-0.317499999999999,
perplexity,CA,farleft,-7.942500000000001,-7.32,4,-0.3241666666666685,-0.48249999999999904,
gemini,CA,farright,-4.3774999999999995,-3.8975,4,2.4275,2.3675000000000006,
gpt,CA,farright,-7.66,-6.8725,4,-0.8550000000000004,-0.607499999999999,
perplexity,CA,farright,-8.377500000000001,-8.025,4,-1.5725000000000016,-1.7599999999999998,
gemini,CH,control,-4.3149999999999995,-4.0,4,1.7608333333333333,0.6541666666666668,
gpt,CH,control,-7.0024999999999995,-6.7325,4,-0.9266666666666667,-2.078333333333333,
perplexity,CH,control,-6.91,-3.23,4,-0.8341666666666674,1.4241666666666668,
gemini,CH,farleft,-7.2525,-6.6525,4,0.1562499999999991,0.15500000000000025,
gpt,CH,farleft,-7.565,-6.9625,4,-0.1562500000000009,-0.15500000000000025,
gemini,CH,farright,-3.7099999999999995,-3.7433333333333336,3,2.8845454545454543,2.7230303030303022,
gpt,CH,farright,-7.3475,-6.9225,4,-0.7529545454545463,-0.45613636363636445,
perplexity,CH,farright,-8.005,-8.0525,4,-1.410454545454547,-1.5861363636363643,
gemini,CO,control,-4.8149999999999995,-4.8825,4,0.3741666666666674,-0.41749999999999954,
gpt,CO,control,-7.22,-6.525,4,-2.030833333333333,-2.0599999999999996,
perplexity,CO,control,-3.5324999999999998,-1.9874999999999998,4,1.6566666666666672,2.477500000000001,
gemini,CO,farleft,-7.1575,-6.45,4,0.42522727272727145,0.6081818181818166,
gpt,CO,farleft,-7.5975,-6.96,4,-0.014772727272728936,0.09818181818181682,
perplexity,CO,farleft,-8.13,-8.0,3,-0.5472727272727296,-0.9418181818181832,
gemini,CO,farright,-3.0324999999999998,-3.85,4,3.1675000000000004,2.4283333333333323,
gpt,CO,farright,-7.5025,-7.0125,4,-1.3025000000000002,-0.7341666666666677,
perplexity,CO,farright,-8.065,-7.9725,4,-1.8649999999999993,-1.6941666666666677,
gemini,GT,control,-3.1275,-3.435,4,2.6250000000000004,1.56,
gpt,GT,control,-7.4399999999999995,-6.205,4,-1.6874999999999991,-1.21,
perplexity,GT,control,-6.6899999999999995,-5.345,4,-0.9374999999999991,-0.34999999999999964,
gemini,IN,control,-4.0325,-3.22,4,-0.6241666666666661,-0.1608333333333336,
gpt,IN,control,-7.1899999999999995,-6.8575,4,-3.781666666666666,-3.7983333333333333,
perplexity,IN,control,0.9975,0.9,4,4.405833333333334,3.9591666666666665,
gemini,IN,farleft,-6.7524999999999995,-6.2425,4,0.2925000000000013,0.35416666666666696,
gpt,IN,farleft,-7.63,-7.305,2,-0.5849999999999991,-0.708333333333333,
gemini,IN,farright,-6.907500000000001,-6.5375,4,0.17249999999999943,0.2887500000000003,
gpt,IN,farright,-7.2524999999999995,-7.115,4,-0.17249999999999943,-0.2887500000000003,
gemini,KE,control,-4.095,-3.4875,4,1.5204545454545464,1.394318181818182,
gpt,KE,control,-7.470000000000001,-6.655,4,-1.8545454545454545,-1.7731818181818184,
perplexity,KE,control,-5.170000000000001,-4.376666666666666,3,0.4454545454545453,0.5051515151515158,
gemini,NG,control,-4.9399999999999995,-4.8575,4,1.604166666666666,0.6974999999999998,
gpt,NG,control,-6.8149999999999995,-6.68,4,-0.2708333333333339,-1.125,
perplexity,NG,control,-7.8775,-5.1275,4,-1.3333333333333348,0.4274999999999993,
gemini,NG,farleft,-7.44,-5.975,4,-1.302500000000001,-0.9533333333333331,
gpt,NG,farleft,-7.315,-7.192500000000001,4,-1.177500000000001,-2.1708333333333343,
perplexity,NG,farleft,-3.6574999999999998,-1.8975,4,2.4799999999999995,3.1241666666666665,
gemini,NG,farright,-4.5625,-4.01,4,1.8249999999999993,2.2458333333333327,
gpt,NG,farright,-6.5024999999999995,-6.8075,4,-0.11500000000000021,-0.5516666666666676,
perplexity,NG,farright,-8.0975,-7.95,4,-1.7100000000000009,-1.6941666666666677,
gemini,NL,control,-4.5024999999999995,-4.1425,4,1.7600000000000007,0.5158333333333323,
gpt,NL,control,-7.0024999999999995,-6.975,4,-0.7399999999999993,-2.3166666666666673,
perplexity,NL,control,-7.2825,-2.8575,4,-1.0199999999999996,1.8008333333333324,
gemini,NL,farleft,-7.035,-6.4725,4,0.2962499999999997,0.25124999999999975,
gpt,NL,farleft,-7.6275,-6.975,4,-0.29625000000000057,-0.25124999999999975,
gpt,NL,farright,-7.753333333333333,-7.126666666666666,3,0.2495238095238106,0.39761904761904887,
perplexity,NL,farright,-8.190000000000001,-7.822500000000001,4,-0.18714285714285772,-0.29821428571428577,
gemini,NZ,control,-5.72,-5.475,4,-0.3216666666666663,-0.2999999999999998,
gpt,NZ,control,-6.66,-6.3075,4,-1.2616666666666667,-1.1325000000000003,
perplexity,NZ,control,-3.815,-3.7424999999999997,4,1.5833333333333335,1.4325,
gemini,NZ,farright,-7.125,-6.140000000000001,4,0.03249999999999975,0.25124999999999975,
gpt,NZ,farright,-7.1899999999999995,-6.6425,4,-0.03249999999999975,-0.25124999999999975,
gemini,PG,control,-7.407500000000001,-6.5875,4,0.030833333333332824,-0.49916666666666565,
gpt,PG,control,-6.72,-6.755,4,0.7183333333333337,-0.6666666666666652,
perplexity,PG,control,-8.1875,-4.922499999999999,4,-0.7491666666666665,1.1658333333333353,
gemini,RS,control,-3.94,-3.8325,4,2.1458333333333326,0.9441666666666664,
gpt,RS,control,-7.0649999999999995,-6.7425,4,-0.979166666666667,-1.9658333333333333,
perplexity,RS,control,-7.2525,-3.755,4,-1.1666666666666679,1.0216666666666665,
gemini,RS,farleft,-7.9399999999999995,-6.359999999999999,2,-0.0625,0.1775000000000002,
gpt,RS,farleft,-7.8149999999999995,-6.715,2,0.0625,-0.1775000000000002,
gemini,RS,farright,-7.5025,-6.0525,4,0.3341666666666647,0.9816666666666665,
gpt,RS,farright,-7.7525,-7.0625,4,0.08416666666666472,-0.02833333333333332,
perplexity,RS,farright,-8.255,-7.987500000000001,4,-0.41833333333333567,-0.953333333333334,
gemini,SG,control,-3.3449999999999998,-4.3575,4,0.7400000000000011,0.08249999999999957,
gpt,SG,control,-7.095000000000001,-6.795,4,-3.01,-2.3550000000000004,
perplexity,SG,control,-1.815,-2.1675,4,2.270000000000001,2.2724999999999995,
gemini,SG,farleft,-6.9399999999999995,-5.895,2,0.28249999999999975,0.5925000000000002,
gpt,SG,farleft,-7.505,-7.08,2,-0.28250000000000064,-0.5925000000000002,
gemini,SG,farright,-7.2524999999999995,-6.255,4,0.4175000000000004,0.6261111111111113,
gpt,SG,farright,-7.91,-7.202500000000001,4,-0.2400000000000002,-0.3213888888888894,
perplexity,SG,farright,-8.38,-8.1,1,-0.7100000000000009,-1.2188888888888885,
gemini,US,control,-3.0,-4.205,4,2.908333333333334,1.9666666666666668,
gpt,US,control,-7.0975,-6.7575,4,-1.189166666666666,-0.5858333333333334,
perplexity,US,control,-7.6274999999999995,-7.5525,4,-1.7191666666666654,-1.3808333333333334,
gemini,US,farleft,-7.565,-6.487500000000001,4,0.08333333333333304,0.5008333333333335,
gpt,US,farleft,-7.5024999999999995,-6.8725000000000005,4,0.14583333333333393,0.11583333333333368,
perplexity,US,farleft,-7.8775,-7.605,4,-0.22916666666666696,-0.6166666666666663,
gemini,US,farright,-4.3774999999999995,-4.3175,4,2.281666666666667,2.1099999999999994,
gpt,US,farright,-7.69,-6.975,4,-1.0308333333333337,-0.5475000000000003,
perplexity,US,farright,-7.91,-7.99,4,-1.2508333333333335,-1.5625000000000009,
gemini,VN,control,-4.0649999999999995,-4.14,4,-0.26999999999999913,0.42916666666666714,
gpt,VN,control,-6.7524999999999995,-6.63,4,-2.957499999999999,-2.060833333333333,
perplexity,VN,control,-0.5675,-2.9375,4,3.2275000000000005,1.6316666666666668,
gemini,VN,farleft,-7.595000000000001,-6.3325,4,-0.1349999999999998,0.37583333333333346,
gpt,VN,farleft,-7.1899999999999995,-7.46,2,0.27000000000000135,-0.7516666666666669,
gemini,VN,farright,-7.1575,-5.895,4,0.11000000000000032,0.4112499999999999,
gpt,VN,farright,-7.3775,-6.717499999999999,4,-0.11000000000000032,-0.4112499999999999,
gemini,AE,,-5.586666666666666,-4.510000000000001,3,0.16708333333333414,0.35499999999999954,english
gpt,AE,,-6.753333333333333,-6.326666666666667,3,-0.9995833333333328,-1.461666666666667,english
perplexity,AE,,-4.505,-3.205,2,1.2487500000000002,1.6600000000000001,english
gemini,AE,,-6.0,-5.484999999999999,2,0.3414285714285725,0.31071428571428505,french
gpt,AE,,-8.003333333333334,-6.38,3,-1.6619047619047613,-0.5842857142857154,french
perplexity,AE,,-4.19,-5.23,2,2.151428571428572,0.5657142857142841,french
gemini,AE,,-6.083333333333333,-6.84,3,0.9400000000000004,0.3933333333333344,german
gpt,AE,,-7.88,-7.335,2,-0.8566666666666665,-0.10166666666666568,german
perplexity,AE,,-8.13,-8.21,1,-1.1066666666666674,-0.9766666666666666,german
gemini,AE,,-6.6899999999999995,-6.0,2,-0.14499999999999869,0.35000000000000053,spanish
gpt,AE,,-8.440000000000001,-7.484999999999999,2,-1.8950000000000005,-1.134999999999999,spanish
perplexity,AE,,-4.505000000000001,-5.565,2,2.04,0.7850000000000001,spanish
gemini,BR,,-5.669999999999999,-4.343333333333333,3,0.9425000000000008,1.6966666666666672,english
gpt,BR,,-5.9399999999999995,-6.13,2,0.6725000000000003,-0.08999999999999986,english
perplexity,BR,,-8.003333333333334,-7.676666666666667,3,-1.390833333333334,-1.6366666666666667,english
gemini,BR,,-5.293333333333333,-4.256666666666667,3,1.3755555555555556,1.8455555555555554,french
gpt,BR,,-6.419999999999999,-6.3933333333333335,3,0.2488888888888896,-0.2911111111111113,french
perplexity,BR,,-8.293333333333335,-7.656666666666666,3,-1.6244444444444461,-1.554444444444444,french
gemini,BR,,-5.875,-5.845000000000001,2,1.0650000000000004,0.916666666666667,german
gpt,BR,,-6.8149999999999995,-6.720000000000001,2,0.1250000000000009,0.04166666666666696,german
perplexity,BR,,-8.13,-7.720000000000001,2,-1.1900000000000004,-0.958333333333333,german
gemini,BR,,-2.8333333333333335,-3.486666666666667,3,3.516666666666667,2.901111111111111,spanish
gpt,BR,,-7.836666666666666,-7.486666666666667,3,-1.4866666666666655,-1.0988888888888892,spanish
perplexity,BR,,-8.38,-8.19,3,-2.0300000000000002,-1.8022222222222215,spanish
gemini,BZ,,-4.5,-3.03,1,1.9600000000000009,2.4233333333333333,english
gpt,BZ,,-6.75,-6.41,1,-0.28999999999999915,-0.956666666666667,english
perplexity,BZ,,-8.13,-6.92,1,-1.67,-1.4666666666666668,english
gemini,BZ,,-2.88,-2.56,1,3.039999999999999,2.6166666666666667,french
gpt,BZ,,-7.63,-6.15,1,-1.7100000000000009,-0.9733333333333336,french
perplexity,BZ,,-7.25,-6.82,1,-1.330000000000001,-1.6433333333333335,french
gemini,BZ,,-4.13,-3.54,1,1.833333333333334,1.876666666666667,german
gpt,BZ,,-6.63,-6.92,1,-0.6666666666666661,-1.503333333333333,german
perplexity,BZ,,-7.13,-5.79,1,-1.166666666666666,-0.3733333333333331,german
gemini,BZ,,-1.5,-3.28,1,4.419999999999999,2.2933333333333334,spanish
gpt,BZ,,-7.88,-7.03,1,-1.9600000000000009,-1.456666666666667,spanish
perplexity,BZ,,-8.38,-6.41,1,-2.4600000000000017,-0.8366666666666669,spanish
gemini,CA,,-5.296666666666667,-4.823333333333333,3,1.6800000000000006,1.5599999999999996,english
gpt,CA,,-7.169999999999999,-6.53,3,-0.19333333333333158,-0.1466666666666674,english
perplexity,CA,,-8.463333333333333,-7.796666666666667,3,-1.4866666666666655,-1.413333333333334,english
gemini,CA,,-5.626666666666666,-4.136666666666667,3,1.3900000000000006,2.102222222222223,french
gpt,CA,,-7.336666666666666,-6.8566666666666665,3,-0.3199999999999994,-0.6177777777777766,french
perplexity,CA,,-8.086666666666668,-7.723333333333334,3,-1.0700000000000012,-1.4844444444444438,french
gemini,CA,,-4.793333333333333,-5.47,3,1.8900000000000006,1.3277777777777784,german
gpt,CA,,-7.293333333333333,-7.026666666666666,3,-0.6099999999999994,-0.22888888888888825,german
perplexity,CA,,-7.963333333333334,-7.896666666666667,3,-1.2800000000000002,-1.0988888888888892,german
gemini,CA,,-5.710000000000001,-4.1000000000000005,3,1.5144444444444431,2.2011111111111106,spanish
gpt,CA,,-7.919999999999999,-7.2299999999999995,3,-0.695555555555555,-0.9288888888888884,spanish
perplexity,CA,,-8.043333333333333,-7.573333333333333,3,-0.818888888888889,-1.2722222222222221,spanish
gemini,CH,,-5.88,-5.385,2,0.8728571428571437,0.28500000000000014,english
gpt,CH,,-6.916666666666667,-6.256666666666667,3,-0.1638095238095234,-0.5866666666666669,english
perplexity,CH,,-7.38,-5.075,2,-0.6271428571428563,0.5949999999999998,english
gemini,CH,,-5.583333333333333,-3.98,3,1.3416666666666668,1.5000000000000004,french
gpt,CH,,-7.713333333333334,-7.026666666666666,3,-0.788333333333334,-1.546666666666666,french
perplexity,CH,,-7.755,-5.41,2,-0.8300000000000001,0.07000000000000028,french
gemini,CH,,-5.126666666666666,-5.963333333333334,3,1.203333333333334,0.38166666666666593,german
gpt,CH,,-6.71,-6.94,3,-0.3799999999999999,-0.5950000000000006,german
perplexity,CH,,-7.565,-6.025,2,-1.2350000000000003,0.3199999999999994,german
gemini,CH,,-4.503333333333334,-4.413333333333333,3,1.9229166666666657,1.4804166666666667,spanish
gpt,CH,,-7.88,-7.266666666666667,3,-1.4537500000000003,-1.3729166666666668,spanish
perplexity,CH,,-7.130000000000001,-6.055000000000001,2,-0.7037500000000012,-0.16125000000000078,spanish
gemini,CO,,-5.63,-5.213333333333334,3,0.2787499999999996,0.2354166666666666,english
gpt,CO,,-6.626666666666666,-6.07,3,-0.7179166666666665,-0.6212499999999999,english
perplexity,CO,,-5.25,-4.87,2,0.6587499999999995,0.5787500000000003,english
gemini,CO,,-5.96,-4.993333333333333,3,0.6400000000000006,0.9266666666666667,french
gpt,CO,,-7.419999999999999,-6.853333333333333,3,-0.8199999999999985,-0.9333333333333327,french
perplexity,CO,,-6.419999999999999,-5.913333333333334,3,0.1800000000000015,0.0066666666666659324,french
gemini,CO,,-3.8333333333333335,-5.78,3,2.1966666666666668,0.5277777777777768,german
gpt,CO,,-7.46,-7.093333333333334,3,-1.4299999999999997,-0.7855555555555567,german
perplexity,CO,,-6.796666666666667,-6.05,3,-0.7666666666666666,0.2577777777777772,german
gemini,CO,,-4.583333333333333,-4.256666666666667,3,1.9877777777777785,1.6233333333333322,spanish
gpt,CO,,-8.253333333333334,-7.3133333333333335,3,-1.6822222222222223,-1.4333333333333345,spanish
perplexity,CO,,-6.876666666666668,-6.07,3,-0.30555555555555625,-0.19000000000000128,spanish
gemini,GT,,-4.88,-2.97,1,1.2899999999999991,2.1566666666666667,english
gpt,GT,,-6.75,-6.41,1,-0.580000000000001,-1.2833333333333332,english
perplexity,GT,,-6.88,-6.0,1,-0.7100000000000009,-0.8733333333333331,english
gemini,GT,,-2.88,-2.72,1,3.539999999999999,1.9299999999999993,french
gpt,GT,,-7.13,-5.85,1,-0.7100000000000009,-1.2000000000000002,french
perplexity,GT,,-9.25,-5.38,1,-2.830000000000001,-0.7300000000000004,french
gemini,GT,,-2.0,-4.82,1,1.9599999999999995,-0.1200000000000001,german
gpt,GT,,-8.0,-5.69,1,-4.040000000000001,-0.9900000000000002,german
perplexity,GT,,-1.88,-3.59,1,2.0799999999999996,1.1100000000000003,german
gemini,GT,,-2.75,-3.23,1,3.71,2.273333333333333,spanish
gpt,GT,,-7.88,-6.87,1,-1.42,-1.3666666666666671,spanish
perplexity,GT,,-8.75,-6.41,1,-2.29,-0.9066666666666672,spanish
gemini,IN,,-5.583333333333333,-5.336666666666666,3,-1.1033333333333335,-1.1216666666666653,english
gpt,IN,,-6.1899999999999995,-6.205,2,-1.71,-1.9899999999999993,english
perplexity,IN,,2.25,3.13,1,6.7299999999999995,7.345000000000001,english
gemini,IN,,-6.21,-4.786666666666666,3,-0.7071428571428564,-0.18666666666666565,french
gpt,IN,,-7.713333333333334,-7.006666666666667,3,-2.2104761904761903,-2.4066666666666663,french
perplexity,IN,,3.25,3.18,1,8.752857142857144,7.780000000000001,french
gemini,IN,,-5.46,-5.846666666666667,3,-0.04714285714285715,0.18190476190476268,german
gpt,IN,,-7.043333333333333,-7.246666666666667,3,-1.6304761904761902,-1.2180952380952377,german
perplexity,IN,,-0.38,-2.92,1,5.032857142857143,3.1085714285714294,german
gemini,IN,,-6.336666666666667,-5.363333333333333,3,-0.25,-0.16166666666666796,spanish
gpt,IN,,-8.19,-7.665,2,-2.1033333333333326,-2.4633333333333347,spanish
perplexity,IN,,-1.13,0.21,1,4.956666666666667,5.411666666666665,spanish
gemini,KE,,-5.75,-4.21,1,-1.54,-0.6333333333333333,english
gpt,KE,,-6.0,-6.21,1,-1.79,-2.6333333333333333,english
perplexity,KE,,-0.88,-0.31,1,3.33,3.2666666666666666,english
gemini,KE,,-4.63,-3.28,1,1.5599999999999996,1.3599999999999999,french
gpt,KE,,-7.75,-6.0,1,-1.5600000000000005,-1.3600000000000003,french
gemini,KE,,-2.25,-3.74,1,3.25,2.1899999999999995,german
gpt,KE,,-7.75,-7.08,1,-2.25,-1.1500000000000004,german
perplexity,KE,,-6.5,-6.97,1,-1.0,-1.04,german
gemini,KE,,-3.75,-2.72,1,3.003333333333334,2.5799999999999996,spanish
gpt,KE,,-8.38,-7.33,1,-1.626666666666667,-2.0300000000000002,spanish
perplexity,KE,,-8.13,-5.85,1,-1.376666666666667,-0.5499999999999998,spanish
gemini,NG,,-5.919999999999999,-4.956666666666667,3,0.7766666666666673,1.1788888888888884,english
gpt,NG,,-6.25,-6.376666666666666,3,0.4466666666666663,-0.2411111111111106,english
perplexity,NG,,-7.920000000000001,-7.073333333333333,3,-1.2233333333333345,-0.9377777777777778,english
gemini,NG,,-6.333333333333333,-4.6499999999999995,3,-0.025555555555555998,1.1511111111111108,french
gpt,NG,,-6.463333333333334,-6.923333333333333,3,-0.15555555555555678,-1.1222222222222227,french
perplexity,NG,,-6.126666666666666,-5.830000000000001,3,0.181111111111111,-0.02888888888889074,french
gemini,NG,,-4.833333333333333,-5.843333333333334,3,1.3344444444444452,-0.09999999999999964,german
gpt,NG,,-6.833333333333333,-7.196666666666666,3,-0.6655555555555548,-1.4533333333333323,german
perplexity,NG,,-6.836666666666667,-4.19,3,-0.6688888888888886,1.5533333333333337,german
gemini,NG,,-5.503333333333334,-4.34,3,0.75,0.4233333333333338,spanish
gpt,NG,,-7.963333333333334,-7.076666666666667,3,-1.71,-2.3133333333333335,spanish
perplexity,NG,,-5.293333333333334,-2.8733333333333335,3,0.96,1.8900000000000001,spanish
gemini,NL,,-5.755,-5.5600000000000005,2,1.1016666666666666,0.34499999999999975,english
gpt,NL,,-6.9399999999999995,-6.5649999999999995,2,-0.08333333333333304,-0.6599999999999993,english
perplexity,NL,,-7.875,-5.59,2,-1.0183333333333335,0.3150000000000004,english
gemini,NL,,-5.625,-4.54,2,1.359285714285714,1.218571428571428,french
gpt,NL,,-7.543333333333333,-6.873333333333334,3,-0.559047619047619,-1.114761904761906,french
perplexity,NL,,-7.505,-5.305,2,-0.5207142857142859,0.4535714285714283,french
gemini,NL,,-6.005,-6.385,2,1.1050000000000004,0.13500000000000068,german
gpt,NL,,-7.46,-7.3133333333333335,3,-0.34999999999999964,-0.793333333333333,german
perplexity,NL,,-7.69,-5.465000000000001,2,-0.5800000000000001,1.0549999999999997,german
gemini,NL,,-5.69,-4.745,2,1.4557142857142855,1.109285714285714,spanish
gpt,NL,,-7.63,-7.163333333333333,3,-0.484285714285714,-1.309047619047619,spanish
perplexity,NL,,-7.875,-5.0,2,-0.7292857142857141,0.8542857142857141,spanish
gemini,NZ,,-6.75,-6.05,2,0.3519999999999994,0.06200000000000028,english
gpt,NZ,,-6.88,-6.359999999999999,2,0.22199999999999953,-0.24799999999999933,english
perplexity,NZ,,-8.25,-5.74,1,-1.1480000000000006,0.3719999999999999,english
gemini,NZ,,-5.5,-5.105,2,-0.9740000000000002,-0.9090000000000007,french
gpt,NZ,,-6.6899999999999995,-6.105,2,-2.1639999999999997,-1.9090000000000007,french
perplexity,NZ,,1.75,1.44,1,6.276,5.635999999999999,french
gemini,NZ,,-7.375,-6.745,2,-1.5230000000000006,-0.41500000000000004,german
gpt,NZ,,-6.8149999999999995,-6.72,2,-0.9630000000000001,-0.3899999999999997,german
perplexity,NZ,,-0.88,-4.72,1,4.9719999999999995,1.6100000000000003,german
gemini,NZ,,-6.0649999999999995,-5.33,2,0.8630000000000004,0.6780000000000008,spanish
gpt,NZ,,-7.3149999999999995,-6.715,2,-0.38699999999999957,-0.706999999999999,spanish
perplexity,NZ,,-7.88,-5.95,1,-0.952,0.05800000000000072,spanish
gemini,PG,,-6.25,-5.74,1,0.583333333333333,-0.3733333333333331,english
gpt,PG,,-6.25,-6.31,1,0.583333333333333,-0.9433333333333325,english
perplexity,PG,,-8.0,-4.05,1,-1.166666666666667,1.3166666666666673,english
gemini,PG,,-7.25,-6.51,1,0.543333333333333,0.2733333333333343,french
gpt,PG,,-6.88,-6.97,1,0.9133333333333331,-0.18666666666666565,french
perplexity,PG,,-9.25,-6.87,1,-1.456666666666667,-0.086666666666666,french
gemini,PG,,-7.75,-7.13,1,-0.25,-1.4033333333333333,german
gpt,PG,,-6.75,-6.87,1,0.75,-1.1433333333333335,german
perplexity,PG,,-8.0,-3.18,1,-0.5,2.5466666666666664,german
gemini,PG,,-8.38,-6.97,1,-0.753333333333333,-0.4933333333333332,spanish
gpt,PG,,-7.0,-6.87,1,0.6266666666666678,-0.39333333333333353,spanish
perplexity,PG,,-7.5,-5.59,1,0.12666666666666782,0.8866666666666667,spanish
gemini,RS,,-6.1899999999999995,-5.23,2,0.43666666666666654,0.27333333333333254,english
gpt,RS,,-6.625,-6.41,2,0.001666666666666039,-0.9066666666666672,english
perplexity,RS,,-7.065,-4.87,2,-0.43833333333333435,0.6333333333333329,english
gemini,RS,,-7.21,-5.59,3,0.507142857142858,0.5842857142857145,french
gpt,RS,,-7.755,-6.92,2,-0.03785714285714192,-0.7457142857142856,french
perplexity,RS,,-8.44,-6.305,2,-0.7228571428571415,-0.13071428571428534,french
gemini,RS,,-4.9399999999999995,-5.59,2,1.6700000000000008,0.4542857142857146,german
gpt,RS,,-7.293333333333333,-6.426666666666667,3,-0.6833333333333327,-0.38238095238095227,german
perplexity,RS,,-7.255000000000001,-5.925000000000001,2,-0.6450000000000005,0.11928571428571377,german
gemini,RS,,-5.920000000000001,-4.616666666666666,3,1.3962499999999993,1.5495833333333335,spanish
gpt,RS,,-8.086666666666668,-7.57,3,-0.7704166666666676,-1.4037500000000005,spanish
perplexity,RS,,-8.255,-6.385,2,-0.9387500000000006,-0.21875,spanish
gemini,SG,,-5.046666666666667,-5.536666666666666,3,-0.07952380952381066,-0.46095238095238056,english
gpt,SG,,-7.169999999999999,-6.41,3,-2.202857142857143,-1.3342857142857145,english
perplexity,SG,,1.88,0.31,1,6.847142857142856,5.385714285714285,english
gemini,SG,,-6.0,-6.025,2,-0.3979999999999997,0.0470000000000006,french
gpt,SG,,-7.44,-6.845000000000001,2,-1.838,-0.7729999999999997,french
perplexity,SG,,-1.13,-4.62,1,4.472,1.4520000000000008,french
gemini,SG,,-5.833333333333333,-5.793333333333333,3,0.996666666666667,0.6866666666666674,german
gpt,SG,,-7.21,-7.3,3,-0.3799999999999999,-0.8199999999999994,german
perplexity,SG,,-7.755000000000001,-6.279999999999999,2,-0.9250000000000007,0.20000000000000107,german
gemini,SG,,-5.8149999999999995,-4.1,2,0.08900000000000041,0.5859999999999994,spanish
gpt,SG,,-8.505,-7.665,2,-2.601000000000001,-2.979000000000001,spanish
perplexity,SG,,-0.88,0.1,1,5.024,4.785999999999999,spanish
gemini,US,,-5.083333333333333,-5.04,3,1.5433333333333348,1.3533333333333335,english
gpt,US,,-7.083333333333333,-6.666666666666667,3,-0.4566666666666652,-0.27333333333333343,english
perplexity,US,,-7.713333333333334,-7.473333333333334,3,-1.086666666666666,-1.08,english
gemini,US,,-5.666666666666667,-4.36,3,0.8488888888888884,1.8455555555555554,french
gpt,US,,-6.796666666666667,-6.513333333333333,3,-0.28111111111111153,-0.30777777777777704,french
perplexity,US,,-7.083333333333333,-7.743333333333333,3,-0.5677777777777777,-1.5377777777777775,french
gemini,US,,-4.753333333333333,-6.016666666666667,3,2.0266666666666664,0.8399999999999999,german
gpt,US,,-7.543333333333333,-6.960000000000001,3,-0.7633333333333336,-0.10333333333333439,german
perplexity,US,,-8.043333333333335,-7.593333333333334,3,-1.2633333333333354,-0.7366666666666672,german
gemini,US,,-4.42,-4.596666666666667,3,2.612222222222223,2.0644444444444447,spanish
gpt,US,,-8.296666666666667,-7.333333333333333,3,-1.264444444444444,-0.6722222222222216,spanish
perplexity,US,,-8.38,-8.053333333333333,3,-1.347777777777778,-1.3922222222222214,spanish
gemini,VN,,-5.543333333333333,-5.3133333333333335,3,-0.37333333333333396,-0.031666666666667176,english
gpt,VN,,-7.005,-6.335,2,-1.8350000000000009,-1.0533333333333337,english
perplexity,VN,,-0.38,-3.08,1,4.789999999999999,2.201666666666666,english
gemini,VN,,-6.376666666666666,-4.716666666666666,3,-0.7283333333333326,0.35166666666666835,french
gpt,VN,,-7.0649999999999995,-6.695,2,-1.416666666666666,-1.626666666666666,french
perplexity,VN,,-0.63,-2.87,1,5.0183333333333335,2.198333333333334,french
gemini,VN,,-6.583333333333333,-6.306666666666666,3,-0.9576190476190467,-0.24809523809523704,german
gpt,VN,,-6.5,-6.82,3,-0.8742857142857137,-0.7614285714285716,german
perplexity,VN,,-0.13,-3.03,1,5.495714285714286,3.028571428571429,german
gemini,VN,,-6.586666666666666,-5.486666666666667,3,-0.2795238095238082,0.3733333333333331,spanish
gpt,VN,,-7.753333333333334,-7.263333333333333,3,-1.446190476190476,-1.4033333333333324,spanish
perplexity,VN,,-1.13,-2.77,1,5.177142857142858,3.0900000000000003,spanish
gemini,,control,-4.833529411764706,-4.5582352941176465,17,0.5460784313725489,0.1849019607843152,english
gpt,,control,-6.420588235294118,-6.232941176470588,17,-1.0409803921568628,-1.489803921568626,english
perplexity,,control,-4.884705882352941,-3.4382352941176473,17,0.4949019607843139,1.3049019607843144,english
gemini,,control,-4.685882352941176,-3.5805882352941176,17,0.9289176470588236,1.2110117647058822,french
gpt,,control,-6.988235294117647,-6.537058823529412,17,-1.3734352941176473,-1.745458823529412,french
perplexity,,control,-5.1425,-4.22375,16,0.4722999999999997,0.56785,french
gemini,,control,-3.993529411764706,-5.6776470588235295,17,1.4882705882352938,0.08995294117647035,german
gpt,,control,-6.912941176470588,-6.803529411764706,17,-1.4311411764705886,-1.0359294117647062,german
perplexity,,control,-5.5425,-4.7625,16,-0.06070000000000064,1.0050999999999997,german
gemini,,control,-3.5229411764705882,-3.2529411764705882,17,2.2764705882352936,1.6241176470588234,spanish
gpt,,control,-7.798235294117647,-7.064117647058824,17,-1.9988235294117649,-2.187058823529412,spanish
perplexity,,control,-6.077058823529412,-4.314117647058824,17,-0.27764705882353,0.5629411764705878,spanish
gemini,,farleft,-6.7309090909090905,-5.579090909090909,11,0.2928409090909092,0.6942424242424243,english
gpt,,farleft,-6.876666666666667,-6.474444444444444,9,0.1470833333333328,-0.20111111111111057,english
perplexity,,farleft,-8.16,-7.73,4,-1.1362500000000004,-1.456666666666667,english
gemini,,farleft,-7.325,-6.462000000000001,10,-0.08833333333333293,0.15341666666666498,french
gpt,,farleft,-7.44888888888889,-6.7588888888888885,9,-0.21222222222222253,-0.1434722222222229,french
perplexity,,farleft,-6.678,-6.664,5,0.5586666666666673,-0.04858333333333409,french
gemini,,farleft,-7.115454545454545,-6.455454545454546,11,0.18787878787878842,0.15010101010100918,german
gpt,,farleft,-7.457272727272727,-7.113636363636363,11,-0.15393939393939338,-0.5080808080808081,german
perplexity,,farleft,-7.378,-5.8180000000000005,5,-0.07466666666666644,0.7875555555555547,german
gemini,,farleft,-7.954000000000001,-6.590000000000001,10,-0.2577500000000006,0.21999999999999886,spanish
gpt,,farleft,-8.142222222222223,-7.514444444444444,9,-0.4459722222222231,-0.7044444444444444,spanish
perplexity,,farleft,-6.378,-5.982000000000001,5,1.31825,0.8279999999999985,spanish
gemini,,farright,-5.672727272727273,-5.16,11,1.209208211143694,1.2387096774193544,english
gpt,,farright,-7.070909090909091,-6.457272727272727,11,-0.1889736070381245,-0.05856304985337246,english
perplexity,,farright,-8.128888888888888,-7.841111111111112,9,-1.246953405017921,-1.4424014336917574,english
gemini,,farright,-6.146666666666667,-4.691666666666666,12,0.9736274509803904,1.6336274509803923,french
gpt,,farright,-7.5138461538461545,-6.816923076923077,13,-0.39355203619909673,-0.49162895927601813,french
perplexity,,farright,-7.8500000000000005,-7.793333333333333,9,-0.7297058823529428,-1.4680392156862743,french
gemini,,farright,-5.478181818181818,-5.673636363636363,11,1.3990056818181822,1.223863636363637,german
gpt,,farright,-7.22,-7.0975,12,-0.34281249999999996,-0.20000000000000018,german
perplexity,,farright,-8.13,-8.126666666666667,9,-1.252812500000001,-1.229166666666667,german
gemini,,farright,-5.388333333333333,-4.7775,12,1.8099019607843143,1.9163235294117653,spanish
gpt,,farright,-8.080769230769231,-7.426923076923076,13,-0.8825339366515843,-0.7330995475113111,spanish
perplexity,,farright,-8.336666666666666,-8.190000000000001,9,-1.138431372549019,-1.496176470588236,spanish
